	accuracy	f1_score
0	0.288034188034188	0.22703775082337846
0	0.3188034188034188	0.2560768772965127
0	0.3145299145299145	0.24282473555518821
0	0.3213675213675214	0.2572680595690506
0	0.3188034188034188	0.24484574408290694
0	0.32393162393162395	0.25634002154177965
0	0.3162393162393162	0.24246254536209058
0	0.31196581196581197	0.2446743163891141
0	0.3247863247863248	0.2587901901533883
0	0.33247863247863246	0.25509343186507927
0	0.335042735042735	0.2739683205165565
