	accuracy	f1_score
0	0.48333333333333334	0.461227818652047
0	0.4452380952380952	0.42904509831008375
0	0.5261904761904762	0.5277735263866091
0	0.4976190476190476	0.4979871789444515
0	0.4801587301587302	0.4820895232565388
0	0.5190476190476191	0.505934036315021
0	0.5087301587301587	0.4722466411372646
0	0.5166666666666667	0.5110894408467033
0	0.5071428571428571	0.4998277542325123
0	0.5277777777777778	0.5046342478974383
0	0.5285714285714286	0.5018622299307192
0	0.5134920634920634	0.5029800949488835
