	accuracy	f1_score
0	0.3282051282051282	0.2716393145743548
0	0.33589743589743587	0.2602165863741106
0	0.3598290598290598	0.30841936532219094
0	0.3487179487179487	0.28149718898339193
0	0.36324786324786323	0.3098048197667576
0	0.36495726495726494	0.30784769937647305
0	0.3564102564102564	0.30618121022959593
0	0.37606837606837606	0.31140764442600855
0	0.3658119658119658	0.3004415588135701
0	0.3658119658119658	0.29989685464126387
0	0.3572649572649573	0.3054826982594978
