	accuracy	f1_score
0	0.32735042735042735	0.2472554301430997
0	0.3333333333333333	0.2568702288393836
0	0.3188034188034188	0.25150162543652826
0	0.3188034188034188	0.24984779472321675
0	0.32222222222222224	0.2528371430853516
0	0.32735042735042735	0.25308445016300307
0	0.34273504273504274	0.27838595317108084
0	0.32222222222222224	0.2506349812884821
0	0.30854700854700856	0.22655900270520438
0	0.33076923076923076	0.25413519142513985
0	0.34102564102564104	0.2766097955735405
