	accuracy	f1_score
0	0.32735042735042735	0.25507674292228516
0	0.3299145299145299	0.25005370540885524
0	0.31367521367521367	0.2442427870846249
0	0.32222222222222224	0.24403481628260643
0	0.3316239316239316	0.2631296512477898
0	0.32905982905982906	0.2557674962586238
0	0.3153846153846154	0.244429928226112
0	0.3247863247863248	0.24222572822183466
0	0.3598290598290598	0.3032386366491789
0	0.3572649572649573	0.2918722358522804
0	0.3230769230769231	0.25572234714151265
