	accuracy	f1_score
0	0.3230769230769231	0.2524517199429747
0	0.3230769230769231	0.25402100339904626
0	0.32051282051282054	0.23598518921119924
0	0.3247863247863248	0.25200874237844495
0	0.3247863247863248	0.25804984562426475
0	0.3213675213675214	0.23170502686297742
0	0.30854700854700856	0.23781278461222963
0	0.31367521367521367	0.251073572441428
0	0.2982905982905983	0.24680064617836636
0	0.3188034188034188	0.25839119976239866
0	0.32222222222222224	0.26903798217393093
